Customer,Usage,CPU,Client,Region,Charges,Due Date
1,27.9,5,Tata,southwest,16884.924,1.1.2021
2,33.77,3,NASA,northwest,21984.47061,1.1.2022
3,33,5,Govt,northwest,21984.47061,1.1.2023
4,22.705,4,Bank ,northwest,21984.47061,1.1.2024
5,28.88,0,yes,northwest,3866.8552,1.1.2025
6,25.74,0,no,southeast,3756.6216,1.1.2026
7,33.44,1,no,southeast,8240.5896,1.1.2027
8,27.74,3,no,northwest,7281.5056,1.1.2028
9,29.83,2,no,northeast,6406.4107,1.1.2029
10,25.84,0,no,northwest,28923.13692,1.1.2030
11,26.22,0,no,northeast,2721.3208,
12,26.29,0,yes,southeast,27808.7251,
13,34.4,0,no,southwest,1826.843,
14,39.82,0,no,southeast,11090.7178,
15,42.13,0,yes,southeast,39611.7577,
16,24.6,1,no,southwest,1837.237,
17,30.78,1,no,northeast,10797.3362,
18,23.845,0,no,northeast,2395.17155,
19,40.3,0,no,southwest,10602.385,
20,35.3,0,yes,southwest,36837.467,
21,36.005,0,no,northeast,13228.84695,
22,32.4,1,no,southwest,4149.736,
23,34.1,0,no,southeast,1137.011,
24,31.92,1,yes,northeast,37701.8768,
25,28.025,2,no,northwest,6203.90175,
26,27.72,3,no,southeast,14001.1338,
27,23.085,0,no,northeast,14451.83515,
28,32.775,2,no,northwest,12268.63225,
29,17.385,1,no,northwest,2775.19215,
30,36.3,2,yes,southwest,38711,
31,35.6,0,yes,southwest,35585.576,
32,26.315,0,no,northeast,2198.18985,
33,28.6,5,no,southwest,4687.797,
34,28.31,0,no,northwest,13770.0979,
35,36.4,1,yes,southwest,51194.55914,
36,20.425,0,no,northwest,1625.43375,
37,32.965,3,no,northwest,15612.19335,
38,20.8,0,no,southwest,2302.3,
39,36.67,1,yes,northeast,39774.2763,
40,39.9,0,yes,southwest,48173.361,
41,26.6,0,no,northeast,3046.062,
42,36.63,2,no,southeast,4949.7587,
43,21.78,1,no,southeast,6272.4772,
44,30.8,2,no,southeast,6313.759,
45,37.05,1,no,northeast,6079.6715,
46,37.3,0,no,southwest,20630.28351,
47,38.665,2,no,northeast,3393.35635,
48,34.77,0,no,northwest,3556.9223,
49,24.53,0,no,southeast,12629.8967,
50,35.2,1,yes,southeast,38709.176,
51,35.625,0,no,northeast,2211.13075,
52,33.63,2,no,northwest,3579.8287,
53,28,1,yes,southwest,23568.272,
54,34.43,0,yes,southeast,37742.5757,
55,28.69,3,no,northwest,8059.6791,
56,36.955,2,yes,northwest,47496.49445,
57,31.825,2,no,northeast,13607.36875,
58,31.68,2,yes,southeast,34303.1672,
59,22.88,1,yes,southeast,23244.7902,
60,37.335,2,no,northwest,5989.52365,
61,27.36,3,no,northeast,8606.2174,
62,33.66,4,no,southeast,4504.6624,
63,24.7,1,no,northwest,30166.61817,
64,25.935,1,no,northwest,4133.64165,
65,22.42,0,yes,northwest,14711.7438,
66,28.9,0,no,southwest,1743.214,
67,39.1,2,no,southwest,14235.072,
68,26.315,1,no,northwest,6389.37785,
69,36.19,0,no,southeast,5920.1041,
70,23.98,3,yes,southeast,17663.1442,
71,24.75,0,yes,southeast,16577.7795,
72,28.5,5,no,northeast,6799.458,
73,28.1,3,no,southwest,11741.726,
74,32.01,1,no,southeast,11946.6259,
75,27.4,2,no,southwest,7726.854,
76,34.01,0,no,northwest,11356.6609,
77,29.59,1,no,southeast,3947.4131,
78,35.53,0,no,southeast,1532.4697,
79,39.805,0,no,northeast,2755.02095,
80,32.965,0,no,northwest,6571.02435,
81,26.885,1,no,northeast,4441.21315,
82,38.285,0,no,northeast,7935.29115,
83,37.62,1,yes,southeast,37165.1638,
84,41.23,4,no,northwest,11033.6617,
85,34.8,2,yes,southwest,39836.519,
86,22.895,2,yes,northwest,21098.55405,
87,31.16,0,yes,northwest,43578.9394,
88,27.2,0,no,southwest,11073.176,
89,27.74,0,no,northwest,8026.6666,
90,26.98,0,no,northwest,11082.5772,
91,39.49,0,no,southeast,2026.9741,
92,24.795,1,no,northwest,10942.13205,
93,29.83,3,yes,northeast,30184.9367,
94,34.77,2,no,northwest,5729.0053,
95,31.3,2,yes,southwest,47291.055,
96,37.62,1,no,southeast,3766.8838,
97,30.8,3,no,southwest,12105.32,
98,38.28,0,no,southeast,10226.2842,
99,19.95,0,yes,northeast,22412.6485,
100,19.3,0,yes,southwest,15820.699,
101,31.6,0,no,southwest,6186.127,
102,25.46,0,no,northeast,3645.0894,
103,30.115,0,no,northeast,21344.8467,
104,29.92,3,yes,southeast,30942.1918,
105,27.5,1,no,southwest,5003.853,
106,28.025,1,yes,northwest,17560.37975,
107,28.4,1,no,southwest,2331.519,
108,30.875,2,no,northwest,3877.30425,
109,27.94,0,no,southeast,2867.1196,
110,35.09,0,yes,southeast,47055.5321,
111,33.63,1,no,northwest,10825.2537,
112,29.7,2,no,southwest,11881.358,
113,30.8,0,no,southwest,4646.759,
114,35.72,0,no,northwest,2404.7338,
115,32.205,3,no,northeast,11488.31695,
116,28.595,0,no,northeast,30259.99556,
117,49.06,0,no,southeast,11381.3254,
118,27.94,1,yes,southeast,19107.7796,
119,27.17,0,no,southeast,8601.3293,
120,23.37,2,no,northwest,6686.4313,
121,37.1,2,no,southwest,7740.337,
122,23.75,0,no,northeast,1705.6245,
123,28.975,0,no,northwest,2257.47525,
124,31.35,1,yes,northeast,39556.4945,
125,33.915,3,no,northwest,10115.00885,
126,28.785,0,no,northeast,3385.39915,
127,28.3,0,yes,southwest,17081.08,
128,37.4,0,no,southwest,9634.538,
129,17.765,2,yes,northwest,32734.1863,
130,34.7,2,no,southwest,6082.405,
131,26.505,0,no,northeast,12815.44495,
132,22.04,0,no,northeast,13616.3586,
133,35.9,2,no,southwest,11163.568,
134,25.555,0,no,northwest,1632.56445,
135,28.785,0,no,northeast,2457.21115,
136,28.05,0,no,southeast,2155.6815,
137,34.1,0,no,southwest,1261.442,
138,25.175,0,no,northwest,2045.68525,
139,31.9,3,no,southeast,27322.73386,
140,36,0,no,southwest,2166.732,
141,22.42,2,no,northeast,27375.90478,
142,32.49,1,no,northeast,3490.5491,
143,25.3,2,yes,southeast,18972.495,
144,29.735,2,no,northwest,18157.876,
145,28.69,3,yes,northwest,20745.9891,
146,38.83,3,no,southeast,5138.2567,
147,30.495,3,yes,northwest,40720.55105,
148,37.73,1,no,southeast,9877.6077,
149,37.43,1,no,northwest,10959.6947,
150,28.4,1,no,southwest,1842.519,
151,24.13,1,no,northwest,5125.2157,
152,29.7,0,no,southeast,7789.635,
153,37.145,3,no,northeast,6334.34355,
154,23.37,0,yes,northeast,19964.7463,
155,25.46,1,no,northeast,7077.1894,
156,39.52,0,no,northwest,6948.7008,
157,24.42,0,yes,southeast,21223.6758,
158,25.175,0,yes,northeast,15518.18025,
159,35.53,0,yes,southeast,36950.2567,
160,27.83,3,no,southeast,19749.38338,
161,26.6,0,yes,northwest,21348.706,
162,36.85,0,yes,southeast,36149.4835,
163,39.6,1,no,southwest,10450.552,
164,29.8,2,no,southwest,5152.134,
165,29.64,0,no,northwest,5028.1466,
166,28.215,4,no,northeast,10407.08585,
167,37,5,no,southwest,4830.63,
168,33.155,3,no,northwest,6128.79745,
169,31.825,1,no,northwest,2719.27975,
170,18.905,3,no,northeast,4827.90495,
171,41.47,0,no,southeast,13405.3903,
172,30.3,0,no,southwest,8116.68,
173,15.96,0,no,northeast,1694.7964,
174,34.8,1,no,southwest,5246.047,
175,33.345,0,no,northwest,2855.43755,
176,37.7,0,yes,southwest,48824.45,
177,27.835,2,no,northwest,6455.86265,
178,29.2,1,no,southwest,10436.096,
179,28.9,2,no,southwest,8823.279,
180,33.155,3,no,northeast,8538.28845,
181,28.595,0,no,northwest,11735.87905,
182,38.28,0,no,southeast,1631.8212,
183,19.95,3,no,northeast,4005.4225,
184,26.41,0,no,northwest,7419.4779,
185,30.69,2,no,southeast,7731.4271,
186,41.895,3,yes,northeast,43753.33705,
187,29.92,2,no,southeast,3981.9768,
188,30.9,3,no,southwest,5325.651,
189,32.2,1,no,southwest,6775.961,
190,32.11,2,no,northwest,4922.9159,
191,31.57,0,no,southeast,12557.6053,
192,26.2,0,no,southwest,4883.866,
193,25.74,0,no,southeast,2137.6536,
194,26.6,1,no,northwest,12044.342,
195,34.43,0,no,southeast,1137.4697,
196,30.59,0,no,northwest,1639.5631,
197,32.8,0,no,southwest,5649.715,
198,28.6,2,no,southeast,8516.829,
199,18.05,0,no,northwest,9644.2525,
200,39.33,0,no,northeast,14901.5167,
201,32.11,0,no,northwest,2130.6759,
202,32.23,1,no,southeast,8871.1517,
203,24.035,0,no,northwest,13012.20865,
204,36.08,0,yes,southeast,37133.8982,
205,22.3,0,no,southwest,7147.105,
206,28.88,1,no,northeast,4337.7352,
207,26.4,0,no,southeast,11743.299,
208,27.74,2,yes,northeast,20984.0936,
209,31.8,0,no,southwest,13880.949,
210,41.23,1,no,northeast,6610.1097,
211,33,1,no,southwest,1980.07,
212,30.875,4,no,northwest,8162.71625,
213,28.5,2,no,northwest,3537.703,
214,26.73,1,no,southeast,5002.7827,
215,30.9,2,no,southwest,8520.026,
216,37.1,2,no,southwest,7371.772,
217,26.6,0,no,northwest,10355.641,
218,23.1,0,no,southeast,2483.736,
219,29.92,1,no,southeast,3392.9768,
220,23.21,0,no,southeast,25081.76784,
221,33.7,1,no,southwest,5012.471,
222,33.25,0,no,northeast,10564.8845,
223,30.8,3,no,southwest,5253.524,
224,34.8,0,yes,southwest,34779.615,
225,24.64,0,yes,southeast,19515.5416,
226,33.88,3,no,southeast,11987.1682,
227,38.06,0,no,southeast,2689.4954,
228,41.91,0,no,southeast,24227.33724,
229,31.635,1,no,northeast,7358.17565,
230,25.46,2,no,northeast,9225.2564,
231,36.195,1,no,northwest,7443.64305,
232,27.83,3,no,southeast,14001.2867,
233,17.8,0,no,southwest,1727.785,
234,27.5,1,no,southwest,12333.828,
235,24.51,2,no,northwest,6710.1919,
236,22.22,2,yes,southeast,19444.2658,
237,26.73,0,no,southeast,1615.7667,
238,38.39,2,no,southeast,4463.2051,
239,29.07,0,yes,northwest,17352.6803,
240,38.06,1,no,southeast,7152.6714,
241,36.67,2,yes,northeast,38511.6283,
242,22.135,1,no,northeast,5354.07465,
243,26.8,1,no,southwest,35160.13457,
244,35.3,3,no,southwest,7196.867,
245,27.74,0,yes,northeast,29523.1656,
246,30.02,0,no,northwest,24476.47851,
247,38.06,0,no,southeast,12648.7034,
248,35.86,0,no,southeast,1986.9334,
249,20.9,1,no,southwest,1832.094,
250,28.975,1,no,northeast,4040.55825,
251,17.29,2,yes,northeast,12829.4551,
252,32.2,2,yes,southwest,47305.305,
253,34.21,2,yes,southeast,44260.7499,
254,30.3,3,no,southwest,4260.744,
255,31.825,0,yes,northeast,41097.16175,
256,25.365,3,no,northeast,13047.33235,
257,33.63,0,yes,northwest,43921.1837,
258,40.15,0,no,southeast,5400.9805,
259,24.415,4,no,northwest,11520.09985,
260,31.92,0,yes,northwest,33750.2918,
261,25.2,0,no,southwest,11837.16,
262,26.84,1,yes,southeast,17085.2676,
263,24.32,3,yes,northeast,24869.8368,
264,36.955,0,yes,northwest,36219.40545,
265,38.06,3,no,southeast,20462.99766,
266,42.35,3,yes,southeast,46151.1245,
267,19.8,1,yes,southeast,17179.522,
268,32.395,3,no,northeast,14590.63205,
269,30.2,1,no,southwest,7441.053,
270,25.84,1,no,northeast,9282.4806,
271,29.37,1,no,southeast,1719.4363,
272,34.2,2,yes,southwest,42856.838,
273,37.05,2,no,northwest,7265.7025,
274,27.455,1,no,northeast,9617.66245,
275,27.55,0,no,northwest,2523.1695,
276,26.6,2,no,northeast,9715.841,
277,20.615,2,no,northwest,2803.69785,
278,24.3,0,no,southwest,2150.469,
279,31.79,2,no,southeast,12928.7911,
280,21.56,1,no,southeast,9855.1314,
281,28.12,1,yes,northeast,22331.5668,
282,40.565,3,yes,northeast,48549.17835,
283,27.645,1,no,northeast,4237.12655,
284,32.395,1,no,northeast,11879.10405,
285,31.2,0,no,southwest,9625.92,
286,26.62,1,no,southeast,7742.1098,
287,48.07,2,no,northeast,9432.9253,
288,26.22,0,no,northwest,14256.1928,
289,36.765,1,yes,northeast,47896.79135,
290,26.4,3,no,southeast,25992.82104,
291,33.4,0,no,southwest,3172.018,
292,29.64,1,no,northeast,20277.80751,
293,45.54,2,yes,southeast,42112.2356,
294,28.82,0,no,southeast,2156.7518,
295,26.8,3,no,southwest,3906.127,
296,22.99,0,no,northeast,1704.5681,
297,27.7,0,yes,southwest,16297.846,
298,25.41,1,yes,southeast,21978.6769,
299,34.39,3,yes,northwest,38746.3551,
300,28.88,1,no,northwest,9249.4952,
301,27.55,3,no,northeast,6746.7425,
302,22.61,3,yes,northeast,24873.3849,
303,37.51,2,no,southeast,12265.5069,
304,33,2,no,southeast,4349.462,
305,38,2,no,southwest,12646.207,
306,33.345,2,no,northwest,19442.3535,
307,27.5,2,no,southwest,20177.67113,
308,33.33,1,no,southeast,4151.0287,
309,34.865,0,no,northeast,11944.59435,
310,33.06,2,no,northwest,7749.1564,
311,26.6,0,no,southwest,8444.474,
312,24.7,0,no,southwest,1737.376,
313,35.97,3,yes,southeast,42124.5153,
314,35.86,0,no,southeast,8124.4084,
315,31.4,0,yes,southwest,34838.873,
316,33.25,0,no,northeast,9722.7695,
317,32.205,0,no,northwest,8835.26495,
318,32.775,0,no,northeast,10435.06525,
319,27.645,0,no,northwest,7421.19455,
320,37.335,1,no,northeast,4667.60765,
321,25.27,1,no,northwest,4894.7533,
322,29.64,4,no,northeast,24671.66334,
323,30.8,0,yes,southwest,35491.64,
324,40.945,0,no,northeast,11566.30055,
325,27.2,0,no,southwest,2866.091,
326,34.105,1,no,northeast,6600.20595,
327,23.21,1,no,southeast,3561.8889,
328,36.48,2,yes,northwest,42760.5022,
329,33.8,1,yes,southwest,47928.03,
330,36.7,0,no,southwest,9144.565,
331,36.385,1,yes,northeast,48517.56315,
332,27.36,0,yes,northwest,24393.6224,
333,31.16,0,no,northwest,13429.0354,
334,28.785,0,no,northeast,11658.37915,
335,35.72,2,no,northeast,19144.57652,
336,34.5,0,no,southwest,13822.803,
337,25.74,0,no,southeast,12142.5786,
338,27.55,1,no,northwest,13937.6665,
339,32.3,1,yes,northeast,41919.097,
340,27.72,1,no,southeast,8232.6388,
341,27.6,0,no,southwest,18955.22017,
342,30.02,0,no,northwest,13352.0998,
343,27.55,0,no,northeast,13217.0945,
344,36.765,0,no,northeast,13981.85035,
345,41.47,4,no,southeast,10977.2063,
346,29.26,3,no,southeast,6184.2994,
347,35.75,2,no,southeast,4889.9995,
348,33.345,1,no,northeast,8334.45755,
349,29.92,1,no,southeast,5478.0368,
350,27.835,0,no,northwest,1635.73365,
351,23.18,0,no,northwest,11830.6072,
352,25.6,0,no,southwest,8932.084,
353,27.7,0,no,southwest,3554.203,
354,35.245,0,no,northeast,12404.8791,
355,38.28,0,no,southeast,14133.03775,
356,27.6,0,no,southwest,24603.04837,
357,43.89,3,no,southeast,8944.1151,
358,29.83,3,no,northwest,9620.3307,
359,41.91,0,no,southeast,1837.2819,
360,20.79,0,no,southeast,1607.5101,
361,32.3,2,no,northeast,10043.249,
362,30.5,1,no,southwest,4751.07,
363,21.7,0,yes,southwest,13844.506,
364,26.4,1,no,southwest,2597.779,
365,21.89,2,no,southeast,3180.5101,
366,30.78,1,no,northeast,9778.3472,
367,32.3,3,no,northeast,13430.265,
368,24.985,2,no,northwest,8017.06115,
369,32.015,2,no,northwest,8116.26885,
370,30.4,3,no,northeast,3481.868,
371,21.09,0,no,northwest,13415.0381,
372,22.23,0,no,northeast,12029.2867,
373,33.155,1,no,northeast,7639.41745,
374,32.9,2,yes,southwest,36085.219,
375,33.33,0,no,southeast,1391.5287,
376,28.31,0,yes,northwest,18033.9679,
377,24.89,3,yes,northeast,21659.9301,
378,40.15,0,yes,southeast,38126.2465,
379,30.115,3,no,northwest,16455.70785,
380,31.46,1,no,southeast,27000.98473,
381,17.955,2,yes,northeast,15006.57945,
382,30.685,0,yes,northeast,42303.69215,
383,33,0,no,southeast,20781.48892,
384,43.34,2,no,southeast,5846.9176,
385,22.135,2,no,northeast,8302.53565,
386,34.4,0,no,southwest,1261.859,
387,39.05,0,no,southeast,11856.4115,
388,25.365,2,no,northwest,30284.64294,
389,22.61,0,no,northwest,3176.8159,
390,30.21,3,no,northwest,4618.0799,
391,35.625,4,no,northeast,10736.87075,
392,37.43,0,no,northwest,2138.0707,
393,31.445,1,no,northeast,8964.06055,
394,31.35,1,no,northeast,9290.1395,
395,32.3,2,no,northeast,9411.005,
396,19.855,0,no,northwest,7526.70645,
397,34.4,3,no,southwest,8522.003,
398,31.02,0,no,southeast,16586.49771,
399,25.6,2,no,southwest,14988.432,
400,38.17,0,no,southeast,1631.6683,
401,20.6,0,no,southwest,9264.797,
402,47.52,1,no,southeast,8083.9198,
403,32.965,0,no,northwest,14692.66935,
404,32.3,3,no,northwest,10269.46,
405,20.4,0,no,southwest,3260.199,
406,38.38,2,no,northeast,11396.9002,
407,24.31,0,no,southeast,4185.0979,
408,23.6,1,no,southwest,8539.671,
409,21.12,3,no,southeast,6652.5288,
410,30.03,1,no,southeast,4074.4537,
411,17.48,0,no,northwest,1621.3402,
412,20.235,1,yes,northeast,19594.80965,
413,17.195,2,yes,northeast,14455.64405,
414,23.9,5,no,southwest,5080.096,
415,35.15,0,no,northwest,2134.9015,
416,35.64,1,no,southeast,7345.7266,
417,34.1,0,no,southeast,9140.951,
418,22.6,2,yes,southwest,18608.262,
419,39.16,1,no,southeast,14418.2804,
420,26.98,0,yes,northwest,28950.4692,
421,33.88,0,yes,southeast,46889.2612,
422,35.86,0,yes,southeast,46599.1084,
423,32.775,1,yes,northeast,39125.33225,
424,30.59,0,no,northeast,2727.3951,
425,30.2,2,no,southwest,8968.33,
426,24.31,5,no,southeast,9788.8659,
427,27.265,1,no,northeast,6555.07035,
428,29.165,0,no,northeast,7323.734819,
429,16.815,1,no,northeast,3167.45585,
430,30.4,3,no,northwest,18804.7524,
431,33.1,0,no,southwest,23082.95533,
432,20.235,2,no,northwest,4906.40965,
433,26.9,0,no,southwest,5969.723,
434,30.5,0,no,southwest,12638.195,
435,28.595,1,no,northwest,4243.59005,
436,33.11,3,no,southeast,13919.8229,
437,31.73,0,no,northeast,2254.7967,
438,28.9,3,no,southwest,5926.846,
439,46.75,5,no,southeast,12592.5345,
440,29.45,0,no,northeast,2897.3235,
441,32.68,1,no,northwest,4738.2682,
442,33.5,0,yes,southwest,37079.372,
443,43.01,0,no,southeast,1149.3959,
444,36.52,1,no,southeast,28287.89766,
445,26.695,1,yes,northwest,26109.32905,
446,33.1,0,no,southwest,7345.084,
447,29.64,0,no,northeast,12730.9996,
448,25.65,0,no,northwest,11454.0215,
449,29.6,0,no,southwest,5910.944,
450,38.6,1,no,southwest,4762.329,
451,29.6,4,no,southwest,7512.267,
452,24.13,1,no,northwest,4032.2407,
453,23.4,0,no,southwest,1969.614,
454,29.735,0,no,northwest,1769.53165,
455,46.53,2,no,southeast,4686.3887,
456,37.4,0,no,southwest,21797.0004,
457,30.14,2,no,southeast,11881.9696,
458,30.495,0,no,northwest,11840.77505,
459,39.6,0,no,southwest,10601.412,
460,33,3,no,southeast,7682.67,
461,36.63,3,no,southeast,10381.4787,
462,30,0,yes,southwest,22144.032,
463,38.095,2,no,northeast,15230.32405,
464,25.935,0,no,northeast,11165.41765,
465,25.175,0,no,northwest,1632.03625,
466,28.38,1,yes,southeast,19521.9682,
467,28.7,1,no,southwest,13224.693,
468,33.82,2,no,northwest,12643.3778,
469,24.32,1,no,northeast,23288.9284,
470,24.09,1,no,southeast,2201.0971,
471,32.67,0,no,southeast,2497.0383,
472,30.115,0,no,northeast,2203.47185,
473,29.8,0,no,southwest,1744.465,
474,33.345,0,no,northeast,20878.78443,
475,25.1,3,yes,southwest,25382.297,
476,28.31,1,yes,northwest,28868.6639,
477,28.5,0,yes,northeast,35147.52848,
478,35.625,0,no,northwest,2534.39375,
479,36.85,0,no,southeast,1534.3045,
480,32.56,0,no,southeast,1824.2854,
481,41.325,3,no,northwest,15555.18875,
482,37.51,2,no,southeast,9304.7019,
483,31.35,0,no,southeast,1622.1885,
484,39.5,1,no,southwest,9880.068,
485,34.3,3,no,southwest,9563.029,
486,31.065,0,no,northeast,4347.02335,
487,21.47,3,no,northwest,12475.3513,
488,28.7,0,no,southwest,1253.936,
489,38.06,0,yes,southeast,48885.13561,
490,31.16,1,no,northwest,10461.9794,
491,32.9,0,no,southwest,1748.774,
492,25.08,0,no,southeast,24513.09126,
493,25.08,0,no,northeast,2196.4732,
494,43.4,0,no,southwest,12574.049,
495,25.7,4,yes,southwest,17942.106,
496,27.93,0,no,northeast,1967.0227,
497,23.6,2,no,southwest,4931.647,
498,28.7,2,no,southwest,8027.968,
499,23.98,2,no,southeast,8211.1002,
500,39.2,0,no,southwest,13470.86,
501,34.4,0,yes,southwest,36197.699,
502,26.03,0,no,northeast,6837.3687,
503,23.21,1,yes,southeast,22218.1149,
504,30.25,0,yes,southeast,32548.3405,
505,28.93,1,no,southeast,5974.3847,
506,30.875,3,no,northwest,6796.86325,
507,31.35,1,no,northwest,2643.2685,
508,23.75,2,no,northwest,3077.0955,
509,25.27,0,no,northeast,3044.2133,
510,28.7,0,no,southwest,11455.28,
511,32.11,1,no,northeast,11763.0009,
512,33.66,0,no,southeast,2498.4144,
513,22.42,0,no,northeast,9361.3268,
514,30.4,0,no,southwest,1256.299,
515,28.3,1,yes,southwest,21082.16,
516,35.7,0,no,southwest,11362.755,
517,35.31,1,no,southeast,27724.28875,
518,30.495,2,no,northwest,8413.46305,
519,31,1,no,southwest,5240.765,
520,30.875,0,no,northeast,3857.75925,
521,27.36,0,no,northeast,25656.57526,
522,44.22,0,no,southeast,3994.1778,
523,33.915,0,no,northeast,9866.30485,
524,37.73,0,no,southeast,5397.6167,
525,26.07,1,yes,southeast,38245.59327,
526,33.88,0,no,southeast,11482.63485,
527,30.59,2,no,northwest,24059.68019,
528,25.8,1,no,southwest,9861.025,
529,39.425,1,no,northeast,8342.90875,
530,25.46,0,no,northeast,1708.0014,
531,42.13,1,yes,southeast,48675.5177,
532,31.73,0,no,northeast,14043.4767,
533,29.7,2,no,southeast,12925.886,
534,36.19,0,no,southeast,19214.70553,
535,40.48,0,no,southeast,13831.1152,
536,28.025,1,no,northeast,6067.12675,
537,38.9,3,no,southwest,5972.378,
538,30.2,2,no,southwest,8825.086,
539,28.05,1,no,southeast,8233.0975,
540,31.35,0,no,southeast,27346.04207,
541,38,3,no,southwest,6196.448,
542,31.79,2,no,southeast,3056.3881,
543,36.3,0,no,southeast,13887.204,
544,47.41,0,yes,southeast,63770.42801,
545,30.21,0,no,northwest,10231.4999,
546,25.84,2,yes,northwest,23807.2406,
547,35.435,0,no,northeast,3268.84665,
548,46.7,2,no,southwest,11538.421,
549,28.595,0,no,northeast,3213.62205,
550,46.2,0,yes,southeast,45863.205,
551,30.8,0,no,southwest,13390.559,
552,28.93,0,no,southeast,3972.9247,
553,21.4,0,no,southwest,12957.118,
554,31.73,2,no,northwest,11187.6567,
555,41.325,0,no,northeast,17878.90068,
556,23.8,2,no,southwest,3847.674,
557,33.44,1,no,northeast,8334.5896,
558,34.21,0,no,southeast,3935.1799,
559,34.105,3,yes,northwest,39983.42595,
560,35.53,0,no,northwest,1646.4297,
561,19.95,2,no,northwest,9193.8385,
562,32.68,0,no,northeast,10923.9332,
563,30.5,0,no,southwest,2494.022,
564,44.77,1,no,southeast,9058.7303,
565,32.12,2,no,southeast,2801.2588,
566,30.495,0,no,northwest,2128.43105,
567,40.565,1,no,northwest,6373.55735,
568,30.59,2,no,northwest,7256.7231,
569,31.9,5,no,southwest,11552.904,
570,40.565,2,yes,northwest,45702.02235,
571,29.1,0,no,southwest,3761.292,
572,37.29,1,no,southeast,2219.4451,
573,43.12,2,no,southeast,4753.6368,
574,36.86,1,no,northeast,31620.00106,
575,34.295,2,no,northeast,13224.05705,
576,27.17,0,no,northwest,12222.8983,
577,26.84,0,no,southeast,1664.9996,
578,38.095,1,yes,northeast,58571.07448,
579,30.2,1,no,southwest,9724.53,
580,23.465,0,no,northeast,3206.49135,
581,25.46,1,no,northeast,12913.9924,
582,30.59,0,no,northwest,1639.5631,
583,45.43,2,no,southeast,6356.2707,
584,23.65,1,no,southeast,17626.23951,
585,20.7,0,no,southwest,1242.816,
586,28.27,1,no,southeast,4779.6023,
587,20.235,3,no,northeast,3861.20965,
588,30.21,1,yes,northwest,43943.8761,
589,35.91,0,no,northeast,13635.6379,
590,30.69,1,no,southeast,5976.8311,
591,29,0,no,southwest,11842.442,
592,19.57,1,no,northwest,8428.0693,
593,31.13,2,no,southeast,2566.4707,
594,21.85,1,yes,northeast,15359.1045,
595,40.26,0,no,southeast,5709.1644,
596,33.725,1,no,northeast,8823.98575,
597,29.48,2,no,southeast,7640.3092,
598,33.25,1,no,northeast,5594.8455,
599,32.6,2,no,southwest,7441.501,
600,37.525,2,no,northwest,33471.97189,
601,39.16,0,no,southeast,1633.0444,
602,31.635,0,no,northwest,9174.13565,
603,25.3,0,no,southwest,11070.535,
604,39.05,3,no,southeast,16085.1275,
605,28.31,0,yes,northwest,17468.9839,
606,34.1,0,no,southeast,9283.562,
607,25.175,0,no,northeast,3558.62025,
608,23.655,0,yes,northwest,25678.77845,
609,26.98,2,no,northeast,4435.0942,
610,37.8,2,yes,southwest,39241.442,
611,29.37,1,no,southeast,8547.6913,
612,34.8,2,no,southwest,6571.544,
613,33.155,0,no,northeast,2207.69745,
614,19,3,no,northeast,6753.038,
615,33,0,no,southeast,1880.07,
616,36.63,1,yes,southeast,42969.8527,
617,28.595,0,no,northeast,11658.11505,
618,25.6,2,yes,southwest,23306.547,
619,33.11,0,yes,southeast,34439.8559,
620,37.1,0,no,southwest,10713.644,
621,31.4,1,no,southwest,3659.346,
622,34.1,4,yes,southwest,40182.246,
623,21.3,1,no,southwest,9182.17,
624,33.535,0,yes,northeast,34617.84065,
625,28.785,0,no,northwest,12129.61415,
626,26.03,0,no,northwest,3736.4647,
627,28.88,3,no,northeast,6748.5912,
628,42.46,1,no,southeast,11326.71487,
629,38,0,no,southwest,11365.952,
630,38.95,0,yes,northwest,42983.4585,
631,36.1,1,no,southwest,10085.846,
632,29.3,0,no,southwest,1977.815,
633,35.53,0,no,southeast,3366.6697,
634,22.705,2,no,northeast,7173.35995,
635,39.7,1,no,southwest,9391.346,
636,38.19,0,no,northeast,14410.9321,
637,24.51,1,no,northwest,2709.1119,
638,38.095,2,no,northeast,24915.04626,
639,26.41,0,yes,northeast,20149.3229,
640,33.66,4,no,southeast,12949.1554,
641,42.4,5,no,southwest,6666.243,
642,28.31,3,yes,northwest,32787.45859,
643,33.915,0,no,northeast,13143.86485,
644,34.96,3,no,northwest,4466.6214,
645,35.31,2,no,southeast,18806.14547,
646,30.78,3,no,northeast,10141.1362,
647,26.22,1,no,northwest,6123.5688,
648,23.37,3,no,northeast,8252.2843,
649,28.5,0,no,northeast,1712.227,
650,32.965,0,no,northeast,12430.95335,
651,42.68,2,no,southeast,9800.8882,
652,39.6,1,no,southeast,10579.711,
653,31.13,0,no,southeast,8280.6227,
654,36.3,2,no,southeast,8527.532,
655,35.2,0,no,southeast,12244.531,
656,25.3,2,yes,southeast,24667.419,
657,42.4,1,no,southwest,3410.324,
658,33.155,2,no,northwest,4058.71245,
659,35.91,1,no,northeast,26392.26029,
660,28.785,4,no,northeast,14394.39815,
661,46.53,3,no,southeast,6435.6237,
662,23.98,1,no,southeast,22192.43711,
663,31.54,1,no,northeast,5148.5526,
664,33.66,0,no,southeast,1136.3994,
665,22.99,0,yes,southeast,27037.9141,
666,38.06,2,yes,southeast,42560.4304,
667,28.7,1,no,southwest,8703.456,
668,32.775,2,yes,northwest,40003.33225,
669,32.015,0,yes,northeast,45710.20785,
670,29.81,1,no,southeast,6500.2359,
671,31.57,3,no,southeast,4837.5823,
672,31.16,0,no,northeast,3943.5954,
673,29.7,0,no,southeast,4399.731,
674,31.02,0,no,southeast,6185.3208,
675,43.89,2,yes,southeast,46200.9851,
676,21.375,0,no,northwest,7222.78625,
677,40.81,3,no,southeast,12485.8009,
678,31.35,3,yes,northwest,46130.5265,
679,36.1,3,no,southwest,12363.547,
680,23.18,2,no,northwest,10156.7832,
681,17.4,1,no,southwest,2585.269,
682,20.3,0,no,southwest,1242.26,
683,35.3,2,yes,southwest,40103.89,
684,24.32,0,no,northwest,9863.4718,
685,18.5,1,no,southwest,4766.022,
686,26.41,2,no,northeast,11244.3769,
687,26.125,2,no,northeast,7729.64575,
688,41.69,0,no,southeast,5438.7491,
689,24.1,1,no,southwest,26236.57997,
690,31.13,1,yes,southeast,34806.4677,
691,27.36,0,no,northeast,2104.1134,
692,36.2,1,no,southwest,8068.185,
693,32.395,1,no,northwest,2362.22905,
694,23.655,0,no,northwest,2352.96845,
695,34.8,1,no,southwest,3577.999,
696,40.185,0,no,northwest,3201.24515,
697,32.3,2,no,northeast,29186.48236,
698,35.75,1,yes,southeast,40273.6455,
699,33.725,0,no,northwest,10976.24575,
700,39.27,2,no,southeast,3500.6123,
701,34.87,0,no,southeast,2020.5523,
702,44.745,0,no,northeast,9541.69555,
703,41.47,0,no,southeast,9504.3103,
704,26.41,1,no,northwest,5385.3379,
705,29.545,1,no,northwest,8930.93455,
706,32.9,2,no,southwest,5375.038,
707,38.06,0,yes,southeast,44400.4064,
708,28.69,3,no,northwest,10264.4421,
709,30.495,3,no,northeast,6113.23105,
710,27.74,0,no,northeast,5469.0066,
711,35.2,1,no,southeast,1727.54,
712,23.54,2,no,southeast,10107.2206,
713,30.685,2,no,northwest,8310.83915,
714,40.47,0,no,northeast,1984.4533,
715,22.6,0,no,southwest,2457.502,
716,28.9,0,no,southwest,12146.971,
717,22.61,1,no,northwest,9566.9909,
718,24.32,1,no,northwest,13112.6048,
719,36.67,2,no,northwest,10848.1343,
720,33.44,0,no,northwest,12231.6136,
721,40.66,0,no,northeast,9875.6804,
722,36.6,3,no,southwest,11264.541,
723,37.4,0,no,southwest,12979.358,
724,35.4,0,no,southwest,1263.249,
725,27.075,1,no,northeast,10106.13425,
726,39.05,3,yes,southeast,40932.4295,
727,28.405,1,no,northwest,6664.68595,
728,21.755,1,yes,northeast,16657.71745,
729,40.28,0,no,northeast,2217.6012,
730,36.08,1,no,southeast,6781.3542,
731,24.42,3,yes,southeast,19361.9988,
732,21.4,1,no,southwest,10065.413,
733,30.1,3,no,southwest,4234.927,
734,27.265,1,no,northeast,9447.25035,
735,32.1,3,no,southwest,14007.222,
736,34.77,1,no,northwest,9583.8933,
737,38.39,0,yes,southeast,40419.0191,
738,23.7,2,no,southwest,3484.331,
739,31.73,3,yes,northeast,36189.1017,
740,35.5,2,yes,southwest,44585.45587,
741,24.035,2,no,northeast,8604.48365,
742,29.15,0,yes,southeast,18246.4955,
743,34.105,0,yes,northeast,43254.41795,
744,26.62,0,no,southeast,3757.8448,
745,26.41,0,no,northwest,8827.2099,
746,30.115,1,no,northwest,9910.35985,
747,27,2,no,southwest,11737.84884,
748,21.755,0,no,northwest,1627.28245,
749,36,1,no,southwest,8556.907,
750,30.875,0,no,northwest,3062.50825,
751,26.4,0,yes,southeast,19539.243,
752,28.975,0,no,northwest,1906.35825,
753,37.905,0,no,northwest,14210.53595,
754,22.77,0,no,southeast,11833.7823,
755,33.63,4,no,northeast,17128.42608,
756,27.645,2,no,northeast,5031.26955,
757,22.8,3,no,northeast,7985.815,
758,27.83,0,yes,southeast,23065.4207,
759,37.43,3,no,northeast,5428.7277,
760,38.17,0,yes,southeast,36307.7983,
761,34.58,2,no,northeast,3925.7582,
762,35.2,1,no,southwest,2416.955,
763,27.1,1,yes,southwest,19040.876,
764,26.03,0,no,northeast,3070.8087,
765,25.175,2,no,northeast,9095.06825,
766,31.825,0,no,northwest,11842.62375,
767,32.3,1,no,southwest,8062.764,
768,29,1,no,southwest,7050.642,
769,39.7,0,no,southwest,14319.031,
770,19.475,2,no,northwest,6933.24225,
771,36.1,3,no,southwest,27941.28758,
772,26.7,2,no,southwest,11150.78,
773,36.48,0,no,northeast,12797.20962,
774,28.88,0,yes,northwest,17748.5062,
775,34.2,2,no,northwest,7261.741,
776,33.33,3,no,southeast,10560.4917,
777,32.3,2,no,northwest,6986.697,
778,39.805,0,no,northeast,7448.40395,
779,34.32,3,no,southeast,5934.3798,
780,28.88,0,no,northwest,9869.8102,
781,24.4,3,yes,southwest,18259.216,
782,41.14,0,no,southeast,1146.7966,
783,35.97,1,no,southeast,9386.1613,
784,27.6,1,yes,southwest,24520.264,
785,29.26,1,no,southeast,4350.5144,
786,27.7,3,no,southwest,6414.178,
787,36.955,0,no,northeast,12741.16745,
788,36.86,0,no,northwest,1917.3184,
789,22.515,3,no,northeast,5209.57885,
790,29.92,0,no,southeast,13457.9608,
791,41.8,0,no,southeast,5662.225,
792,27.6,0,no,southwest,1252.407,
793,23.18,0,no,northeast,2731.9122,
794,20.9,0,yes,southeast,21195.818,
795,31.92,2,no,northwest,7209.4918,
796,28.5,0,yes,northwest,18310.742,
797,44.22,2,no,southeast,4266.1658,
798,22.895,1,no,northeast,4719.52405,
799,33.1,0,no,southwest,11848.141,
800,24.795,0,yes,northeast,17904.52705,
801,26.18,1,no,southeast,7046.7222,
802,35.97,0,no,southeast,14313.8463,
803,22.3,1,no,southwest,2103.08,
804,42.24,0,yes,southeast,38792.6856,
805,26.51,0,no,southeast,1815.8759,
806,35.815,0,no,northwest,7731.85785,
807,41.42,1,no,northwest,28476.73499,
808,36.575,0,no,northwest,2136.88225,
809,30.14,0,no,southeast,1131.5066,
810,25.84,1,no,northeast,3309.7926,
811,30.8,3,no,southwest,9414.92,
812,42.94,3,no,northwest,6360.9936,
813,21.01,2,no,southeast,11013.7119,
814,22.515,2,no,northeast,4428.88785,
815,34.43,2,no,southeast,5584.3057,
816,31.46,0,no,southeast,1877.9294,
817,24.225,0,no,northwest,2842.76075,
818,37.1,3,no,southwest,3597.596,
819,26.125,1,yes,northeast,23401.30575,
820,35.53,0,yes,northwest,55135.40209,
821,33.7,1,no,southwest,7445.918,
822,17.67,0,no,northwest,2680.9493,
823,31.13,0,no,southeast,1621.8827,
824,29.81,2,no,southeast,8219.2039,
825,24.32,0,no,northwest,12523.6048,
826,31.825,2,no,northeast,16069.08475,
827,31.79,2,yes,southeast,43813.8661,
828,28.025,1,yes,northeast,20773.62775,
829,30.78,3,yes,northeast,39597.4072,
830,21.85,1,no,northwest,6117.4945,
831,33.1,0,no,southwest,13393.756,
832,25.84,0,no,northwest,5266.3656,
833,23.845,2,no,northwest,4719.73655,
834,34.39,0,no,northwest,11743.9341,
835,33.82,1,no,northwest,5377.4578,
836,35.97,2,no,southeast,7160.3303,
837,31.5,0,no,southwest,4402.233,
838,28.31,0,no,northeast,11657.7189,
839,23.465,2,no,northeast,6402.29135,
840,31.35,0,no,northwest,12622.1795,
841,31.1,0,no,southwest,1526.312,
842,24.7,0,no,northeast,12323.936,
843,32.78,2,yes,southeast,36021.0112,
844,29.81,0,yes,southeast,27533.9129,
845,30.495,0,no,northeast,10072.05505,
846,32.45,0,yes,southeast,45008.9555,
847,34.2,1,no,southwest,9872.701,
848,50.38,1,no,southeast,2438.0552,
849,24.1,0,no,southwest,2974.126,
850,32.775,0,no,northwest,10601.63225,
851,30.78,0,yes,northeast,37270.1512,
852,32.3,2,no,northwest,14119.62,
853,35.53,0,yes,northeast,42111.6647,
854,23.75,2,no,northeast,11729.6795,
855,23.845,3,yes,northeast,24106.91255,
856,29.6,0,no,southwest,1875.344,
857,33.11,0,yes,southeast,40974.1649,
858,24.13,0,yes,northwest,15817.9857,
859,32.23,1,no,southeast,18218.16139,
860,28.1,0,no,southwest,10965.446,
861,47.6,2,yes,southwest,46113.511,
862,28,3,no,southwest,7151.092,
863,33.535,2,no,northwest,12269.68865,
864,19.855,0,no,northeast,5458.04645,
865,25.4,0,no,southwest,8782.469,
866,29.9,2,no,southwest,6600.361,
867,37.29,0,no,southeast,1141.4451,
868,43.7,1,no,southwest,11576.13,
869,23.655,0,no,northeast,13129.60345,
870,24.3,3,no,southwest,4391.652,
871,36.2,0,no,southwest,8457.818,
872,29.48,1,no,southeast,3392.3652,
873,24.86,0,no,southeast,5966.8874,
874,30.1,1,no,southwest,6849.026,
875,21.85,3,no,northeast,8891.1395,
876,28.12,0,no,northwest,2690.1138,
877,27.1,1,no,southwest,26140.3603,
878,33.44,5,no,southeast,6653.7886,
879,28.8,1,no,southwest,6282.235,
880,29.5,2,no,southwest,6311.952,
881,34.8,3,no,southwest,3443.064,
882,27.36,1,no,northwest,2789.0574,
883,22.135,0,no,northeast,2585.85065,
884,37.05,3,yes,northeast,46255.1125,
885,26.695,4,no,northwest,4877.98105,
886,28.93,1,yes,southeast,19719.6947,
887,28.975,0,yes,northeast,27218.43725,
888,30.02,0,no,northwest,5272.1758,
889,39.5,0,no,southwest,1682.597,
890,33.63,1,no,northwest,11945.1327,
891,26.885,0,yes,northwest,29330.98315,
892,29.04,4,no,southeast,7243.8136,
893,24.035,0,no,northeast,10422.91665,
894,38.94,2,yes,southeast,44202.6536,
895,32.11,0,no,northeast,13555.0049,
896,44,0,no,southwest,13063.883,
897,20.045,2,yes,northeast,19798.05455,
898,25.555,1,no,northwest,2221.56445,
899,40.26,0,no,southeast,1634.5734,
900,22.515,0,no,northwest,2117.33885,
901,22.515,0,no,northeast,8688.85885,
902,40.92,0,yes,southeast,48673.5588,
903,27.265,3,no,northeast,4661.28635,
904,36.85,0,no,southeast,8125.7845,
905,35.1,0,no,southwest,12644.589,
906,29.355,2,no,northeast,4564.19145,
907,32.585,3,no,northeast,4846.92015,
908,32.34,1,no,southeast,7633.7206,
909,39.8,3,no,southwest,15170.069,
910,24.6,0,yes,southwest,17496.306,
911,28.31,1,no,northwest,2639.0429,
912,31.73,0,yes,northeast,33732.6867,
913,26.695,3,no,northwest,14382.70905,
914,27.5,1,no,southwest,7626.993,
915,24.605,2,no,northwest,5257.50795,
916,33.99,0,no,southeast,2473.3341,
917,26.885,0,yes,northwest,21774.32215,
918,22.895,0,yes,northeast,35069.37452,
919,28.2,0,no,southwest,13041.921,
920,34.21,1,no,southeast,5245.2269,
921,25,0,no,southwest,13451.122,
922,33.2,0,no,southwest,13462.52,
923,31,1,no,southwest,5488.262,
924,35.815,0,no,northwest,4320.41085,
925,23.2,0,no,southwest,6250.435,
926,32.11,2,no,northeast,25333.33284,
927,23.4,2,no,southwest,2913.569,
928,20.1,1,no,southwest,12032.326,
929,39.16,0,no,southeast,13470.8044,
930,34.21,1,no,southeast,6289.7549,
931,46.53,1,no,southeast,2927.0647,
932,32.5,1,no,southwest,6238.298,
933,25.8,5,no,southwest,10096.97,
934,35.3,0,no,southwest,7348.142,
935,37.18,2,no,southeast,4673.3922,
936,27.5,0,no,southwest,12233.828,
937,29.735,2,no,northeast,32108.66282,
938,24.225,5,no,northwest,8965.79575,
939,26.18,2,no,southeast,2304.0022,
940,29.48,0,no,southeast,9487.6442,
941,23.21,0,no,southeast,1121.8739,
942,46.09,1,no,southeast,9549.5651,
943,40.185,0,no,northeast,2217.46915,
944,22.61,0,no,northwest,1628.4709,
945,39.93,0,no,southeast,12982.8747,
946,35.8,1,no,southwest,11674.13,
947,35.8,2,no,southwest,7160.094,
948,34.2,1,yes,northeast,39047.285,
949,31.255,0,no,northwest,6358.77645,
950,29.7,3,yes,southwest,19933.458,
951,18.335,0,no,northeast,11534.87265,
952,42.9,2,yes,southeast,47462.894,
953,28.405,1,no,northwest,4527.18295,
954,30.2,2,yes,southwest,38998.546,
955,27.835,1,yes,northwest,20009.63365,
956,39.49,1,no,southeast,3875.7341,
957,30.8,1,yes,southeast,41999.52,
958,26.79,1,no,northwest,12609.88702,
959,34.96,1,yes,northeast,41034.2214,
960,36.67,1,no,northwest,28468.91901,
961,39.615,1,no,northwest,2730.10785,
962,25.9,0,no,southwest,3353.284,
963,35.2,1,no,southeast,14474.675,
964,24.795,3,no,northeast,9500.57305,
965,36.765,2,no,northwest,26467.09737,
966,27.1,1,no,southwest,4746.344,
967,24.795,2,yes,northwest,23967.38305,
968,25.365,1,no,northwest,7518.02535,
969,25.745,2,no,northeast,3279.86855,
970,34.32,5,no,southeast,8596.8278,
971,28.16,3,no,southeast,10702.6424,
972,23.56,0,no,northeast,4992.3764,
973,20.235,0,no,northwest,2527.81865,
974,40.5,0,no,southwest,1759.338,
975,35.42,0,no,southeast,2322.6218,
976,22.895,0,yes,northeast,16138.76205,
977,40.15,0,no,southeast,7804.1605,
978,29.15,1,no,southeast,2902.9065,
979,39.995,3,no,northeast,9704.66805,
980,29.92,0,no,southeast,4889.0368,
981,25.46,1,no,northeast,25517.11363,
982,21.375,0,no,northeast,4500.33925,
983,25.9,3,yes,southwest,19199.944,
984,30.59,1,no,northeast,16796.41194,
985,30.115,5,no,northeast,4915.05985,
986,25.8,1,no,southwest,7624.63,
987,30.115,3,no,northwest,8410.04685,
988,27.645,1,no,northwest,28340.18885,
989,34.675,0,no,northeast,4518.82625,
990,20.52,0,yes,northeast,14571.8908,
991,19.8,1,no,southwest,3378.91,
992,27.835,2,no,northeast,7144.86265,
993,31.6,2,no,southwest,10118.424,
994,28.27,1,no,southeast,5484.4673,
995,20.045,3,yes,northwest,16420.49455,
996,23.275,3,no,northeast,7986.47525,
997,34.1,3,no,southwest,7418.522,
998,36.85,0,no,southeast,13887.9685,
999,36.29,3,no,northeast,6551.7501,
1000,26.885,0,no,northwest,5267.81815,
1001,22.99,2,yes,northwest,17361.7661,
1002,32.7,0,yes,southwest,34472.841,
1003,25.8,0,no,southwest,1972.95,
1004,29.6,0,no,southwest,21232.18226,
1005,19.19,1,no,northeast,8627.5411,
1006,31.73,2,no,northwest,4433.3877,
1007,29.26,2,no,northeast,4438.2634,
1008,28.215,3,yes,northwest,24915.22085,
1009,24.985,2,no,northeast,23241.47453,
1010,27.74,1,no,northeast,9957.7216,
1011,22.8,0,no,southwest,8269.044,
1012,20.13,2,yes,southeast,18767.7377,
1013,33.33,4,no,southeast,36580.28216,
1014,32.3,1,no,northwest,8765.249,
1015,27.6,0,no,southwest,5383.536,
1016,25.46,0,no,northwest,12124.9924,
1017,24.605,1,no,northwest,2709.24395,
1018,34.2,2,no,southwest,3987.926,
1019,35.815,3,no,northwest,12495.29085,
1020,32.68,2,no,northwest,26018.95052,
1021,37,0,no,southwest,8798.593,
1022,31.02,3,yes,southeast,35595.5898,
1023,36.08,1,yes,southeast,42211.1382,
1024,23.32,1,no,southeast,1711.0268,
1025,45.32,1,no,southeast,8569.8618,
1026,34.6,0,no,southwest,2020.177,
1027,26.03,1,yes,northwest,16450.8947,
1028,18.715,0,no,northwest,21595.38229,
1029,31.6,0,no,southwest,9850.432,
1030,17.29,2,no,northeast,6877.9801,
1031,23.655,1,yes,northwest,21677.28345,
1032,35.2,0,yes,southeast,44423.803,
1033,27.93,0,no,northeast,4137.5227,
1034,21.565,0,yes,northeast,13747.87235,
1035,38.38,0,no,northwest,12950.0712,
1036,23,3,no,southwest,12094.478,
1037,37.07,2,yes,southeast,37484.4493,
1038,30.495,1,yes,northwest,39725.51805,
1039,28.88,0,no,northeast,2250.8352,
1040,27.265,2,no,northwest,22493.65964,
1041,28.025,0,yes,northwest,20234.85475,
1042,23.085,0,no,northeast,1704.70015,
1043,30.685,0,yes,northeast,33475.81715,
1044,25.8,0,no,southwest,3161.454,
1045,35.245,1,no,northeast,11394.06555,
1046,24.7,2,yes,northwest,21880.82,
1047,25.08,0,no,northeast,7325.0482,
1048,52.58,1,yes,southeast,44501.3982,
1049,22.515,1,no,northwest,3594.17085,
1050,30.9,0,yes,southwest,39727.614,
1051,36.955,1,no,northwest,8023.13545,
1052,26.41,0,no,northeast,14394.5579,
1053,29.83,1,no,northeast,9288.0267,
1054,29.8,3,yes,southwest,25309.489,
1055,21.47,0,no,northwest,3353.4703,
1056,27.645,0,no,northwest,10594.50155,
1057,28.9,0,no,southwest,8277.523,
1058,31.79,0,no,southeast,17929.30337,
1059,39.49,0,no,southeast,2480.9791,
1060,33.82,1,no,northwest,4462.7218,
1061,32.01,0,no,southeast,1981.5819,
1062,27.94,1,no,southeast,11554.2236,
1063,41.14,1,yes,southeast,48970.2476,
1064,28.595,3,no,northwest,6548.19505,
1065,25.6,4,no,southwest,5708.867,
1066,25.3,1,no,southwest,7045.499,
1067,37.29,2,no,southeast,8978.1851,
1068,42.655,0,no,northeast,5757.41345,
1069,21.66,1,no,northwest,14349.8544,
1070,31.9,1,no,southeast,10928.849,
1071,37.07,1,yes,southeast,39871.7043,
1072,31.445,0,no,northeast,13974.45555,
1073,31.255,0,no,northwest,1909.52745,
1074,28.88,2,no,northeast,12096.6512,
1075,18.335,0,no,northeast,13204.28565,
1076,29.59,1,no,southeast,4562.8421,
1077,32,1,no,southwest,8551.347,
1078,26.03,0,no,northeast,2102.2647,
1079,31.68,0,yes,southeast,34672.1472,
1080,33.66,3,no,southeast,15161.5344,
1081,21.78,2,no,southeast,11884.04858,
1082,27.835,1,no,northwest,4454.40265,
1083,19.95,1,no,northwest,5855.9025,
1084,31.5,1,no,southwest,4076.497,
1085,30.495,2,no,northwest,15019.76005,
1086,18.3,5,yes,southwest,19023.26,
1087,28.975,0,no,northeast,10796.35025,
1088,31.54,0,no,northwest,11353.2276,
1089,47.74,1,no,southeast,9748.9106,
1090,22.1,0,no,southwest,10577.087,
1091,36.19,0,yes,southeast,41676.0811,
1092,29.83,0,no,northeast,11286.5387,
1093,32.7,3,no,southwest,3591.48,
1094,30.4,0,yes,northwest,33907.548,
1095,33.7,4,no,southwest,11299.343,
1096,31.35,4,no,northeast,4561.1885,
1097,34.96,2,yes,northeast,44641.1974,
1098,33.77,0,no,southeast,1674.6323,
1099,30.875,0,no,northeast,23045.56616,
1100,33.99,1,no,southeast,3227.1211,
1101,19.095,2,yes,northeast,16776.30405,
1102,28.6,3,no,southwest,11253.421,
1103,38.94,1,no,southeast,3471.4096,
1104,36.08,0,no,southeast,11363.2832,
1105,29.8,0,no,southwest,20420.60465,
1106,31.24,0,no,southeast,10338.9316,
1107,29.925,0,no,northwest,8988.15875,
1108,26.22,2,no,northwest,10493.9458,
1109,30,1,no,southwest,2904.088,
1110,20.35,3,no,southeast,8605.3615,
1111,32.3,1,no,northeast,11512.405,
1112,38.39,3,yes,southeast,41949.2441,
1113,25.85,3,yes,southeast,24180.9335,
1114,26.315,3,no,northwest,5312.16985,
1115,24.51,0,no,northeast,2396.0959,
1116,32.67,1,no,southeast,10807.4863,
1117,29.64,5,no,northeast,9222.4026,
1118,33.33,2,yes,southeast,36124.5737,
1119,35.75,1,yes,southeast,38282.7495,
1120,19.95,3,no,northwest,5693.4305,
1121,31.4,0,yes,southwest,34166.273,
1122,38.17,2,no,southeast,8347.1643,
1123,36.86,3,yes,northwest,46661.4424,
1124,32.395,1,no,northeast,18903.49141,
1125,42.75,1,yes,northeast,40904.1995,
1126,25.08,0,no,northwest,14254.6082,
1127,29.9,0,no,southwest,10214.636,
1128,35.86,2,no,southeast,5836.5204,
1129,32.8,1,no,southwest,14358.36437,
1130,18.6,0,no,southwest,1728.897,
1131,23.87,5,no,southeast,8582.3023,
1132,45.9,2,no,southwest,3693.428,
1133,40.28,0,no,northeast,20709.02034,
1134,18.335,0,no,northwest,9991.03765,
1135,33.82,0,no,northwest,19673.33573,
1136,28.12,3,no,northwest,11085.5868,
1137,25,1,no,southwest,7623.518,
1138,22.23,0,no,northwest,3176.2877,
1139,30.25,0,no,southeast,3704.3545,
1140,32.49,0,yes,northwest,36898.73308,
1141,37.07,1,no,southeast,9048.0273,
1142,32.6,3,no,southwest,7954.517,
1143,24.86,0,no,southeast,27117.99378,
1144,32.34,2,no,southeast,6338.0756,
1145,32.3,2,no,southwest,9630.397,
1146,32.775,3,no,northwest,11289.10925,
1147,32.8,0,yes,southwest,52590.82939,
1148,31.92,0,no,northwest,2261.5688,
1149,21.5,1,no,southwest,10791.96,
1150,34.1,0,no,southwest,5979.731,
1151,30.305,0,no,northeast,2203.73595,
1152,36.48,0,no,northwest,12235.8392,
1153,32.56,3,yes,southeast,40941.2854,
1154,35.815,1,no,northwest,5630.45785,
1155,27.93,4,no,northwest,11015.1747,
1156,22.135,3,no,northeast,7228.21565,
1157,44.88,0,yes,southeast,39722.7462,
1158,23.18,2,no,northwest,14426.07385,
1159,30.59,0,no,northeast,2459.7201,
1160,41.1,0,no,southwest,3989.841,
1161,34.58,1,no,northwest,7727.2532,
1162,42.13,2,no,southeast,5124.1887,
1163,38.83,1,no,southeast,18963.17192,
1164,28.215,0,no,northeast,2200.83085,
1165,28.31,1,no,northwest,7153.5539,
1166,26.125,0,no,northeast,5227.98875,
1167,40.37,0,no,southeast,10982.5013,
1168,24.6,2,no,southwest,4529.477,
1169,35.2,2,no,southwest,4670.64,
1170,34.105,1,no,northwest,6112.35295,
1171,27.36,1,yes,northeast,17178.6824,
1172,26.7,2,yes,southwest,22478.6,
1173,41.91,0,no,southeast,11093.6229,
1174,29.26,2,no,northwest,6457.8434,
1175,32.11,2,no,northwest,4433.9159,
1176,27.1,0,no,southwest,2154.361,
1177,24.13,1,yes,northwest,23887.6627,
1178,27.4,1,no,southwest,6496.886,
1179,34.865,0,no,northeast,2899.48935,
1180,29.81,0,yes,southeast,19350.3689,
1181,41.325,1,no,northeast,7650.77375,
1182,29.925,0,no,northwest,2850.68375,
1183,30.3,0,no,southwest,2632.992,
1184,27.36,1,no,northeast,9447.3824,
1185,28.49,1,yes,southeast,18328.2381,
1186,23.56,2,no,northeast,8603.8234,
1187,35.625,3,yes,northwest,37465.34375,
1188,32.68,0,no,northwest,13844.7972,
1189,25.27,1,yes,northeast,21771.3423,
1190,28,0,no,southwest,13126.67745,
1191,32.775,2,no,northwest,5327.40025,
1192,21.755,1,no,northeast,13725.47184,
1193,32.395,1,no,northeast,13019.16105,
1194,36.575,0,no,northwest,8671.19125,
1195,21.755,0,no,northwest,4134.08245,
1196,27.93,3,no,northwest,18838.70366,
1197,30.02,0,yes,northwest,33307.5508,
1198,33.55,0,no,southeast,5699.8375,
1199,29.355,1,no,northwest,6393.60345,
1200,25.8,2,no,southwest,4934.705,
1201,24.32,2,no,northwest,6198.7518,
1202,40.375,2,no,northwest,8733.22925,
1203,32.11,0,no,northwest,2055.3249,
1204,32.3,1,no,northeast,9964.06,
1205,27.28,3,yes,southeast,18223.4512,
1206,17.86,1,no,northwest,5116.5004,
1207,34.8,2,no,southwest,36910.60803,
1208,33.4,2,yes,southwest,38415.474,
1209,25.555,1,yes,northeast,20296.86345,
1210,37.1,1,no,southwest,12347.172,
1211,30.875,1,no,northwest,5373.36425,
1212,34.1,2,no,southeast,23563.01618,
1213,21.47,0,no,northeast,1702.4553,
1214,33.3,2,no,southwest,10806.839,
1215,31.255,1,no,northwest,3956.07145,
1216,39.14,0,no,northeast,12890.05765,
1217,25.08,0,no,southeast,5415.6612,
1218,37.29,2,no,southeast,4058.1161,
1219,34.6,1,yes,southwest,41661.602,
1220,30.21,3,no,northwest,7537.1639,
1221,21.945,1,no,northeast,4718.20355,
1222,24.97,2,no,southeast,6593.5083,
1223,25.3,0,no,southeast,8442.667,
1224,24.42,0,yes,southeast,26125.67477,
1225,23.94,1,no,northeast,6858.4796,
1226,39.82,1,no,southeast,4795.6568,
1227,16.815,2,no,northeast,6640.54485,
1228,37.18,2,no,southeast,7162.0122,
1229,34.43,0,no,southeast,10594.2257,
1230,30.305,0,no,northeast,11938.25595,
1231,34.485,3,yes,northwest,60021.39897,
1232,21.8,0,yes,southwest,20167.33603,
1233,24.605,3,no,northwest,12479.70895,
1234,23.3,0,no,southwest,11345.519,
1235,27.83,2,no,southeast,8515.7587,
1236,31.065,0,no,northwest,2699.56835,
1237,21.66,0,no,northeast,14449.8544,
1238,28.215,0,no,northwest,12224.35085,
1239,22.705,3,no,northeast,6985.50695,
1240,42.13,1,no,southeast,3238.4357,
1241,41.8,2,yes,southeast,47269.854,
1242,36.96,2,yes,southeast,49577.6624,
1243,21.28,3,no,northwest,4296.2712,
1244,33.11,0,no,southeast,3171.6149,
1245,33.33,0,no,southeast,1135.9407,
1246,24.3,5,no,southwest,5615.369,
1247,25.7,3,no,southwest,9101.798,
1248,29.4,4,no,southwest,6059.173,
1249,39.82,0,no,southeast,1633.9618,
1250,33.63,1,yes,northeast,37607.5277,
1251,29.83,0,yes,northeast,18648.4217,
1252,19.8,0,no,southwest,1241.565,
1253,27.3,0,yes,southwest,16232.847,
1254,29.3,4,no,southwest,15828.82173,
1255,27.72,0,no,southeast,4415.1588,
1256,37.9,0,no,southwest,6474.013,
1257,36.385,3,no,northwest,11436.73815,
1258,27.645,1,no,northwest,11305.93455,
1259,37.715,3,no,northwest,30063.58055,
1260,23.18,0,no,northeast,10197.7722,
1261,20.52,0,no,northeast,4544.2348,
1262,37.1,1,no,southwest,3277.161,
1263,28.05,1,no,southeast,6770.1925,
1264,29.9,1,no,southwest,7337.748,
1265,33.345,2,no,northeast,10370.91255,
1266,23.76,0,yes,southeast,26926.5144,
1267,30.5,0,no,southwest,10704.47,
1268,31.065,0,yes,northeast,34254.05335,
1269,33.3,0,no,southwest,1880.487,
1270,27.5,3,no,southwest,8615.3,
1271,33.915,1,no,northwest,3292.52985,
1272,34.485,0,no,northwest,3021.80915,
1273,25.52,5,no,southeast,14478.33015,
1274,27.61,1,no,southeast,4747.0529,
1275,27.06,0,yes,southeast,17043.3414,
1276,23.7,0,no,southwest,10959.33,
1277,30.4,0,no,northeast,2741.948,
1278,29.735,0,no,northwest,4357.04365,
1279,29.925,1,yes,northeast,22462.04375,
1280,26.79,2,no,northwest,4189.1131,
1281,33.33,0,no,southeast,8283.6807,
1282,27.645,2,yes,northwest,24535.69855,
1283,21.66,0,yes,northeast,14283.4594,
1284,30.03,1,no,southeast,1720.3537,
1285,36.3,1,yes,southwest,47403.88,
1286,24.32,0,no,northeast,8534.6718,
1287,17.29,0,no,northeast,3732.6251,
1288,25.9,1,no,southwest,5472.449,
1289,39.4,2,yes,southwest,38344.566,
1290,34.32,1,no,southeast,7147.4728,
1291,19.95,2,no,northeast,7133.9025,
1292,34.9,0,yes,southwest,34828.654,
1293,23.21,0,no,southeast,1515.3449,
1294,25.745,3,no,northwest,9301.89355,
1295,25.175,0,no,northeast,11931.12525,
1296,22,1,no,southwest,1964.78,
1297,26.125,0,no,northeast,1708.92575,
1298,26.51,2,no,southeast,4340.4409,
1299,27.455,2,no,northwest,5261.46945,
1300,25.745,1,no,northwest,2710.82855,
1301,30.36,0,yes,southeast,62592.87309,
1302,30.875,3,yes,northwest,46718.16325,
1303,20.8,1,no,southwest,3208.787,
1304,27.8,0,yes,southwest,37829.7242,
1305,24.605,2,yes,northeast,21259.37795,
1306,27.72,0,no,southeast,2464.6188,
1307,21.85,0,yes,northeast,16115.3045,
1308,28.12,4,yes,northwest,21472.4788,
1309,30.2,0,yes,southwest,33900.653,
1310,32.2,2,no,southwest,6875.961,
1311,26.315,1,no,northwest,6940.90985,
1312,26.695,0,no,northwest,4571.41305,
1313,42.9,1,no,southwest,4536.259,
1314,34.7,2,yes,southwest,36397.576,
1315,23.655,3,yes,northwest,18765.87545,
1316,28.31,1,no,northeast,11272.33139,
1317,20.6,0,no,southwest,1731.677,
1318,53.13,0,no,southeast,1163.4627,
1319,39.71,4,no,northeast,19496.71917,
1320,26.315,2,no,northwest,7201.70085,
1321,31.065,3,no,northwest,5425.02335,
1322,26.695,0,yes,northeast,28101.33305,
1323,38.83,0,no,southeast,12981.3457,
1324,40.37,2,yes,southeast,43896.3763,
1325,25.935,1,no,northwest,4239.89265,
1326,33.535,0,no,northeast,13143.33665,
1327,32.87,0,no,northeast,7050.0213,
1328,30.03,1,no,southeast,9377.9047,
1329,24.225,2,no,northeast,22395.74424,
1330,38.6,2,no,southwest,10325.206,
1331,25.74,2,no,southeast,12629.1656,
1332,33.4,0,no,southwest,10795.93733,
1333,44.7,3,no,southwest,11411.685,
1334,30.97,3,no,northwest,10600.5483,
1335,31.92,0,no,northeast,2205.9808,
1336,36.85,0,no,southeast,1629.8335,
1337,25.8,0,no,southwest,2007.945,
1338,29.07,0,yes,northwest,29141.3603,
